PC1,PC2,PC3,Cluster,Default,Age,Income,LoanAmount,CreditScore
-0.7824406709327437,-0.6331985871641893,0.6002464689733802,0,0,35,30612,45509,321
-0.057950777613654705,-0.16340705439154288,-2.1266101963574346,2,0,59,38018,124832,754
-0.8096700605968906,-0.5027628070013404,-1.6120728005923466,2,0,69,44969,83638,425
-1.6349193649967575,0.1692435026160887,0.9824732067531916,1,0,54,146032,48088,677
-2.1817278302323047,1.3007605600680399,0.8050323870256261,0,0,67,140501,50009,651
-0.05486607697639343,0.22608262347134836,-2.3951537527666105,2,0,61,80585,83378,752
1.018110817251899,0.7579115317604707,-0.8792926918824092,3,0,25,45781,62504,705
0.24290905822373654,0.19991025822178354,-0.7519605332968244,0,0,61,57356,191664,681
-0.8210433187483068,-0.7759123834914938,-0.14719005994551349,0,1,47,35168,90649,510
1.0423823894256143,-1.4678117521591767,-0.9362962376727546,1,0,57,87282,182345,819
1.594308712498838,1.6540459010959248,1.0525326361978316,0,0,32,86100,249784,660
-0.867555441339459,-0.1722214252986053,0.19963744364217514,2,0,64,56834,189637,361
-1.6655550182343546,1.2273371659792627,-0.24238290941424398,2,0,67,127084,182001,465
0.969402469564196,-0.5852950490664733,-1.579975189560213,2,0,67,30770,96870,837
-0.5505188785563796,0.19209066673981895,0.6782329040101529,2,1,53,145075,174296,415
-0.89377691444631,-0.7387604474264555,-1.1098166136048284,2,0,54,70869,37727,612
1.3210702588949415,0.6752476950659988,-1.803422602965302,3,1,28,20957,223930,800
0.8600893578668204,-0.5480125831882856,0.8380324584278064,1,0,45,144868,142722,791
0.8265051749566744,0.956179233516297,0.3519150043014382,3,0,29,70811,200764,412
1.064134522212051,0.22720092092828562,1.504100734720588,3,0,34,117776,125198,300
-1.4762905963086976,0.7612689848888236,0.20679593709362512,2,0,64,141251,36813,760
-1.096828276430422,-0.19279304371007716,0.5757310771598232,0,0,41,47596,10740,655
-0.07819827279559648,-0.2736189359438178,-0.2876998698684643,1,0,29,64052,70373,848
-2.085236888627907,-0.18263587762439304,-0.08941922801285984,2,0,63,128277,33142,812
2.8472143533970775,-0.05477127944675922,0.772029945239877,1,0,20,91830,226622,540
-0.3871805201595603,-0.939686817414048,-0.529271517668768,0,1,63,19504,225059,351
-1.08678428811091,0.5616253943629689,0.2806371210401587,2,0,61,93692,89473,357
-1.4951409884387696,-0.0286149171222556,0.1593468645719956,0,0,51,130316,140119,378
0.8793059086314443,-0.4992593167434527,1.1440106466534035,1,0,42,128158,126993,700
-0.19048856418653787,0.8905322589536148,0.26067252663508955,3,0,42,59253,35946,471
1.3889772492355474,-0.7998936025739266,-1.825877729594885,3,1,27,24342,239285,704
-1.6169787405302543,1.7463048997314168,0.18213691995699663,2,0,49,144793,98099,315
0.3558984577580941,-0.4653550141189582,0.11182957385076268,0,0,27,49749,37002,807
1.0545403302427743,0.4521628007029349,0.4254002135834074,2,0,64,127057,169128,737
-1.7812859405168133,-1.264429287282785,-0.1569990455977802,1,0,64,134259,18674,778
1.5399639925040207,0.019445779618434286,0.12962337809453522,1,0,28,103559,106713,648
-0.2535965159385381,-0.29838239943138656,-0.8138613471464439,3,0,36,66970,176643,676
-0.28796024395752357,-0.41289419183491716,-0.4395060806266665,0,0,68,27927,209471,355
-0.11022235432847809,0.041418264547679114,0.23564232092622847,3,0,35,55035,47406,561
0.5673676779274037,0.544114992581079,-0.19116395458765975,0,0,28,48681,134004,508
2.401716358093042,-0.0926385072851755,-1.0189447567702725,3,0,19,18692,242795,826
-0.2609271445297549,0.5706503580579275,-0.5609594565076914,1,0,53,91987,212285,640
-1.8837594654883643,0.0695960043937442,0.527139360183318,0,0,45,128152,82610,392
2.5831337089724955,-0.4039496240820801,0.9408654008400745,1,0,20,39702,202722,383
-1.451134155892851,-2.0709739501525006,0.19622875570713974,0,1,60,17936,108944,314
1.4072295842993352,0.45814945136854884,-0.2009961705692382,2,0,69,105654,245945,785
2.0735853825760273,-0.31135254672290774,0.7449528540477376,1,0,34,42587,216973,468
0.7742435405831726,-0.19134805741909575,-1.4768795920443136,2,1,49,39452,179600,534
-1.6574745154169468,1.5752517651238547,-0.367425501810581,2,0,65,123892,51628,691
1.5967965389741512,-0.9199132794674184,-1.9492294332051905,3,1,24,34306,228000,713
0.46119288668266406,-0.6987839468352196,-0.7973727028479266,1,0,49,22672,142109,609
-0.3571502938025559,1.4172267047428417,-0.11445318551237095,0,0,52,134028,192879,514
-0.2605502762087892,0.5832373293143838,0.8923807205472071,0,0,20,66695,30441,590
-0.4415276099371578,1.2161035399812856,0.23400491303427065,2,0,63,148972,114742,796
0.34547886898091773,-0.8843720836913521,0.17810168580687755,3,0,30,78506,157643,314
-0.985481892533843,-0.8547170371576582,0.5978209472526324,1,0,22,16848,10191,325
-1.198835828510548,-0.7453404068363071,-0.21923438583302265,1,0,46,54608,31883,603
0.6015288706571305,-1.845776081583342,1.7249454170864715,0,1,22,15352,139137,336
0.5148445744063763,1.085139186688461,-1.8567168697718301,3,1,33,55213,198915,741
0.07417944622074332,-1.6596913941080922,2.577879031249061,1,0,26,82824,12127,445
-0.34771732319021253,-0.7375059250293992,-0.20208255068491113,0,0,62,89510,176898,650
-0.2501081267044373,0.3538827961024174,0.1672308112156387,2,0,68,69096,224370,396
-2.1737578065882404,0.1270430790381518,1.1629197538097877,0,1,52,134052,50669,427
-0.11301864216193959,-0.5868515437044205,0.7476805449839773,1,0,39,80611,25829,399
0.6611426179602947,0.8412589142031788,-0.7749342781024803,2,0,64,65067,248088,523
0.8215400030683307,-0.6605999819900873,-0.2639583317689287,2,0,50,93180,177880,708
0.026017607707377793,0.39285751593676554,-0.6737298036112442,2,0,48,81452,134865,798
-1.9981595914295422,2.2901341160388737,1.0633487365322698,0,0,44,147558,19040,338
-0.04632123409435422,0.2258965893083694,0.3148596238110283,2,0,59,94840,140217,397
0.7257446513675735,0.9342705942901482,0.599449968385854,0,0,33,126136,147830,465
-1.0655374576129355,-0.002209257366239166,-0.5860410537339229,2,0,57,98786,109429,506
-1.4692429495481112,-0.6007789749976612,0.3054928142006944,0,0,66,68860,78542,560
1.502869007089851,-0.9155842203075399,0.9279462921879615,3,0,23,70098,233825,414
0.26597458259002443,0.4374793034904678,-1.4274272297449555,3,0,22,61309,138169,681
0.9596577975433603,1.2952721923176327,-0.7487336019728288,1,0,43,135342,181127,745
-0.34204092192945446,1.4360687089122068,0.78957113928107,3,1,30,137811,23265,765
0.13279052430317045,-0.7308488340195064,-0.32759828865218354,1,0,54,66823,39067,678
-0.7421231999994548,1.3521755858393456,0.3145518923356343,3,0,18,69195,49427,365
-0.07414952420567812,0.8681331725746178,-0.16151744740871524,3,0,28,105904,86851,490
-0.06243332626588303,0.41473865818001904,0.6627923886530563,0,1,23,74772,9165,623
-0.7158830290602843,-1.279325599167342,0.5532819157649953,1,0,69,120570,40057,631
-1.1191056441323664,-0.44448613683014304,-1.2583875036655985,2,0,68,115884,158932,812
0.6295820018744502,0.14574613353616733,-2.332283904572148,2,0,61,29304,150750,849
1.068491360366135,-1.0050467970374455,-0.7898034808740834,2,0,68,43216,232908,495
-1.4826906329959761,-0.5372717487064124,0.35209418087805355,0,0,65,76153,70636,751
0.03928275492387734,1.4269572107662665,0.26455017664617564,3,1,37,121470,108293,796
-0.10120695070122293,0.49432576146742313,-0.21027605875687527,2,0,51,142614,161329,584
1.2995972474360769,-0.16797731083497724,-1.9921480943532643,0,0,56,18070,246033,826
-0.5692055548491368,-0.5924189581043108,-2.4873179375858347,2,1,63,47109,159287,670
0.6709728163339955,1.1543792242436897,0.017624368897537344,1,0,50,142088,227836,776
1.284123172700006,0.2883072765112753,-1.8472347441138584,2,0,49,43405,185514,757
1.3426031343422018,-0.03715591457832663,-0.5231799603289012,1,0,32,69416,184473,691
0.5009854582467629,0.7447086640499538,0.4599188314695368,3,0,22,107244,11999,824
0.55700790700663,-0.7632991422691682,-1.3272990963831623,0,0,64,19864,172299,741
-1.6019858134406009,-0.5156948354271322,-0.2736197330007758,2,0,58,141196,30801,708
-1.041619768521841,0.6879097650352054,0.15186323043719263,2,0,60,90566,64448,601
-1.5952601230826438,0.04135924503728585,-1.5212983097594848,0,0,56,22906,81040,408
-0.14012543938760422,-0.5643457488803602,1.1056100769639645,0,0,44,81050,44183,424
-0.1451136725953561,0.23757168258974737,-0.3530101398102138,1,0,48,120864,128297,564
0.05351741168571912,-1.1756153406156113,0.5996892185541667,1,0,52,103182,186993,540
-1.0324587785379535,-0.13025530396631746,-0.5947640443841749,0,0,68,85100,236030,500
0.27641113679649015,-0.9573541713914695,0.8587806232005322,1,0,20,87577,92218,369
-0.9947526051315613,-1.0564943691167574,-0.9937963842581238,0,0,35,20255,11753,707
0.6903984526625416,1.0525206280004746,0.43354321405261587,3,1,31,113713,151465,504
0.3721391397195911,0.1493103907283015,-1.3982653237432618,2,0,69,115315,181189,769
-0.8581410115255552,-0.383078571132342,2.305166186907653,1,0,39,149760,14655,520
1.8427049110844647,-1.801572790958414,-0.2371203785310903,1,1,47,63441,225130,769
-0.2948528989146978,0.5847211192910425,-0.878861265138285,0,0,34,91620,174875,737
-1.8127753765993422,1.030373339618432,-0.006481151262352471,0,0,49,103707,5522,749
-1.472955626265631,0.5220722577606264,0.2837800716040596,2,0,44,115809,114482,409
0.47036898510403424,1.208289187374277,-1.0869500566672157,0,0,57,49080,232108,731
0.8119210275457936,1.9267082104899274,-0.5606464019593537,3,0,26,88374,166205,683
-0.03187996601794986,0.11792249002242089,0.8464848986137766,0,0,37,47475,56806,395
-0.8406724221692076,-0.19351826658843252,0.09702965003222433,2,0,59,133424,78713,526
-2.253727112705969,0.5027202540536718,0.4096471307116786,2,0,56,98126,15924,365
0.737314030068305,1.1074785138789762,-0.4325242959954262,2,0,51,111213,226103,551
-0.8241117577309073,-0.20384995918633472,-0.3994513124689201,1,0,57,82908,55435,416
-0.005436166480783657,0.014372328568703144,1.8967064489952687,0,0,22,102778,155977,367
0.5410641822181159,0.5153332217700858,0.06396932182904629,3,0,22,55660,44190,509
0.2629925010380325,-0.5345882601536887,-0.6868662974110795,0,0,46,48672,176224,539
0.07293993152205018,-0.6336827940786789,-1.8391462950370154,1,0,67,64537,201828,686
0.4396707150961888,0.9321332026457128,0.1840845744722702,3,0,33,80614,109800,784
-1.661862733294744,0.9080419777093832,-0.43113369144167524,2,0,56,139551,16374,512
1.755857345975765,0.8109610048567352,-0.605631972961699,3,0,25,73977,167994,560
0.703530704734605,0.605977018807305,1.4502045935650465,0,0,40,83938,176292,312
0.9899473917648396,-0.05353074707261884,-0.5673914395019133,3,0,35,78410,92865,809
-0.5244138809074531,0.08658316678580391,-1.549173458297171,0,1,51,22610,206486,425
-0.23696935566051702,1.6202568872170113,0.999754839692628,3,0,25,112793,5511,690
-1.3768918156021943,1.9891229220059063,-1.632510202135483,2,0,56,93757,40256,747
0.4230567021899514,1.508794988310269,1.2533297001921806,3,0,23,146789,189798,433
0.8118627266578164,0.34572886822923854,1.1871800831975605,3,0,19,60125,38553,343
0.47974418392217233,0.7349856043279367,0.8975148273387792,0,0,19,89734,127971,683
0.6464598082022518,-0.6631535193887581,-0.05186096019999628,2,0,58,61925,165086,369
0.46186918628690193,0.41217718305174034,0.43321470976225396,3,0,27,69473,98508,666
-0.922940066606211,0.6415343432076505,0.9815235035863904,2,0,56,139979,78351,381
-0.22858691260599778,-0.4183223556558672,-0.6053885558086842,2,0,62,19203,163267,463
-1.0832012848598644,0.08066085426415098,-0.02650091832627683,1,0,36,67022,6087,620
2.1338942166294563,0.6599747064992411,1.4398319954568777,3,0,19,147961,212461,546
-0.2838490246600137,0.22574257922770807,-1.3412695460555237,0,1,23,18652,85338,556
-0.06756279767279647,-0.015414266468806266,0.6035815857996132,2,0,50,31363,29638,364
-0.5921405645673606,-1.718254001016659,0.16059586315651622,1,0,51,65912,45269,582
0.15090282880412398,1.1459162777096894,0.6440866149193908,2,0,60,148590,240059,452
0.4674156331043757,1.6447908996859113,0.29030282713719713,0,0,22,141007,188893,711
0.22496583035209908,-0.011545381112390264,-2.075287295000587,2,0,45,18766,141600,585
0.9489862924802247,-1.67186166622859,-0.736297410503951,1,0,25,36818,168163,584
-0.09015802460352547,0.6683405558952683,-1.2748429592027584,0,0,33,75913,144639,602
-0.6194094557465534,0.42814812278397396,-0.28648883569754213,1,0,59,93715,39614,849
0.30520060930094867,-0.28830989708555865,-0.2534476817090118,1,1,45,63439,131941,328
1.5323319181788777,0.27684949702652273,-0.39642220435407727,3,0,34,85279,243270,575
0.7403347005120687,0.2699722411683007,1.316497111875285,0,0,33,130739,173077,783
-1.1557423224127976,-0.01997799049099772,2.2955939701634844,0,0,23,93010,23607,313
1.169387498416655,-0.9680404338060294,0.5407643188824423,1,0,31,86766,193921,794
-1.2501241923914415,0.6435277653127495,0.9450808981213153,0,0,40,142034,115667,618
0.27319714553010743,2.3123423665458533,-0.515544556922376,3,0,18,126874,105829,843
0.5288673170858664,-1.5504003083061622,-1.4708783092064195,1,1,42,26040,109225,846
1.093824841200767,-0.3455872183628863,-0.6248905324398075,1,1,26,27257,182693,343
-0.03189438146775557,0.04501821168136612,-0.2206916584671255,3,0,23,62341,118045,387
-1.2905887824142905,-0.18881914360984178,0.2664650453485107,3,0,43,89082,86733,325
0.8778915086112496,0.7523690039694709,-0.039730745553532926,3,0,32,75796,144671,628
1.7468308611053451,-0.3176752728278858,0.805434756030749,1,0,37,56513,189492,438
1.5056444237342015,-1.385650113041832,-0.04969883646477663,3,0,18,42781,58419,662
-0.5773537587803595,-1.021166217720133,-1.897671144614461,0,0,57,17288,227332,450
0.46224276340837617,0.8757970672167961,-0.09052836144232602,3,0,36,70918,163102,424
0.04770142433994248,-0.14625786123746493,0.4830662084253494,1,0,38,137626,138843,498
0.5291977898243044,1.3171791157041841,-1.6324312981326938,0,1,35,53591,172522,611
1.0149638275105062,-2.1276247500563534,-1.3412227183870546,1,0,53,29193,199754,707
-0.22664028171055722,1.5869828149361325,1.2173856154969565,3,0,28,94265,52813,469
0.4011549345916939,-0.3600046957063972,-1.3943893417333764,1,0,61,18610,174827,799
1.4370420957650993,0.03600408395808681,-0.6373565973337959,1,0,32,46137,247689,613
-0.6554980620551123,1.0935224887152584,1.0256810862305177,0,0,20,132421,43335,595
0.511255487373407,-0.5435314085267268,1.0673010110723686,1,0,42,129125,173299,322
-1.044137684823885,1.0664138039091569,-0.7671221899840776,0,0,27,48579,62491,750
0.1272240699277825,-0.8071724360340943,2.2425729861150616,1,0,26,140491,106884,389
-0.6439785436914872,0.006352491641807604,0.16076455955153227,0,0,65,33154,46077,625
-0.8754929550042818,-0.07156700015763953,0.45866926788114704,0,0,56,146330,98562,651
0.6093633975367484,0.16597309418516948,-0.42373315233325526,2,0,63,88789,176779,508
0.32131025200374264,-0.3970687395417293,1.9543306910265517,1,0,29,132430,94376,453
0.22364080566300643,1.1045654839314603,1.1967009574077911,0,0,41,135869,190936,346
0.8711782644071501,2.4446515064844463,-0.7927243175535766,3,0,23,144735,184634,808
0.20410820591466255,1.0807300871652663,0.36969850117518754,0,0,28,112692,210056,811
-0.45096842732212955,-0.8739932797823345,1.4978439665729064,1,0,46,128146,13065,617
-1.3177483464012418,1.0921347493048845,-0.9634275125310566,2,0,68,147374,81045,560
0.6282409704589974,0.5051819740738811,0.7882676621526651,3,0,29,41302,27577,603
2.9000627415860833,1.4644880070384432,0.31612426084889833,3,0,23,126840,243548,542
0.24914337315270008,2.1667749402573184,-1.7018674771690407,3,0,26,63113,143784,700
1.267762565002756,0.3948332991377167,-1.173214421953544,1,1,46,63524,249910,677
-1.3050533653273007,-0.041175301526839674,-0.0781223973340005,2,0,54,108336,57751,633
0.4318769940501553,0.12565546037962294,-0.26547940769754574,3,1,28,41376,108817,661
-1.033950432329804,-0.3709572647269664,0.08809907126570966,0,0,41,91422,80960,559
-1.220846412692011,0.05720014995866377,-0.13973458363543081,0,1,65,69488,63740,821
1.5164729119822868,-0.4060661537881419,-0.21620153084974,1,1,46,63203,174818,849
-0.9663967488147123,0.9809038703694285,-0.0019684723527213267,3,0,40,134042,50765,529
-0.10105000606473218,-0.31033939306242564,-1.4481679347714382,2,0,46,29067,8601,766
-0.7670655901300459,-0.4817306324189559,-0.12984537830487286,2,0,59,118609,6970,712
1.6884756739727211,-0.08511734258436643,-0.07633482703851067,0,1,23,23891,247483,385
-0.5892355177757552,0.5737318756162276,-0.25768812356640136,2,0,58,140929,239253,398
0.7032981382752844,0.47493480126187015,0.7379346096659327,1,0,56,108670,213650,414
-2.082771331509133,-0.8655742623278714,-0.530071506694017,2,0,59,26960,15461,571
1.6169628248998889,-1.1090271708444979,1.44033731253883,3,1,30,82353,188087,405
-0.6169986250119324,0.5839809305075567,-0.09673819549656018,0,0,68,124999,238250,547
1.5897441625303435,-1.0881995127347437,0.6845416520400042,1,1,36,74669,226934,678
-0.46288772362198677,-1.0636219734498724,0.21415937436811847,2,0,67,73581,20783,494
1.8941684605982407,1.3429044561335859,1.3087548567622849,3,0,23,125495,194250,591
-0.09237776709763762,0.7841403761304045,0.2821703685523089,1,0,54,124302,192302,783
-0.5996444583106544,-2.026255233278835,0.9645510097919161,1,0,54,56502,7464,351
-1.4323500479035303,-0.3684121078492077,0.764750909647948,2,0,69,65839,71720,431
-1.7573953493804981,1.7246743248564966,-0.25927964883209387,0,0,49,107249,73057,751
-0.1704824150167539,0.08186437817172873,0.021831968567208638,3,1,20,73999,11518,709
-1.2626425473340797,-0.5817509060274695,0.7362369746943398,0,1,49,78651,83051,501
0.7130124104681876,0.9239820172475756,-0.6740927948950244,3,0,32,22140,117736,487
0.5870769463671275,-0.8329645368865127,-0.5432433417502591,0,1,23,33725,143923,718
-0.07828409447174528,-0.5362575338483143,0.2907834350340588,2,0,49,73806,39496,475
-2.0850827443710096,0.6906663478568343,0.6744037025920089,2,0,58,124568,32120,497
2.136927103183747,-0.013533246194157501,0.6153510103365757,3,1,24,40288,134272,359
0.7130764387150611,-0.8966358327087457,1.1614257189674035,1,1,33,67444,184055,503
0.8545804603104342,-0.8725568707146095,-0.2653797051605574,3,0,22,42568,21298,608
-0.05663764411482382,-1.489162873875467,-0.022465147046200895,1,0,64,68559,122656,669
-0.36633727700712676,0.5712513519920003,1.5017663057633903,1,0,46,123973,51734,356
-0.09009422529999458,-1.766149710674311,-0.5037010102841356,2,0,59,32752,214688,499
-0.25933373330718473,-0.0046324399803258694,0.3427902539646258,3,0,27,79172,124433,418
1.874731709399367,-0.9180484314308898,-1.4402186416150742,1,0,44,30718,217606,806
-0.9837871115167054,-0.09760827822095149,-1.0336400168141944,0,0,66,75850,113908,565
1.2326160184920667,0.9369984761907068,-0.037223147201889586,0,0,55,91150,219481,846
-0.7297272683115558,0.3208664653231198,-1.750501034684044,2,0,67,78831,214778,764
-1.836737007802311,-0.49157183154792206,-0.7612724657448844,1,0,69,80138,57989,681
1.4731469085183102,0.013334091268925529,1.0558127735456926,1,0,36,134165,100952,824
0.4800415015366537,1.0687876000438126,-0.07170944526316235,2,0,53,147883,220706,705
0.09593044633619431,1.2961111453099359,-0.3093945624759571,0,0,56,120223,232090,781
1.3395301293964268,0.2349482482274984,0.6416410824948395,3,1,27,82926,207958,383
1.607303915201428,-1.6814739834095571,0.19308970275101298,1,0,46,76893,220361,543
-0.28163705142747214,0.855821359341849,0.7484009627551687,2,0,51,125555,132991,619
1.5269505877127898,0.47144206194196736,-1.193430425076822,2,1,47,44370,223217,680
-0.41564496667954465,-0.21430750145306193,1.4724175635843872,2,0,69,112409,249413,413
-1.3439019500632328,-0.0024780630239796078,-0.3846057275180691,2,0,51,106533,135213,505
0.29625606682156846,1.3238229014415162,-1.6414371742624057,2,0,67,46848,163906,807
1.4501016779184401,-1.4003165557225026,0.4291174204901613,1,0,21,18532,14568,706
2.5951864666253326,-1.717110413007628,-0.3694893036235962,1,1,39,61677,217391,835
-0.27871503882021315,0.5797973962969251,-2.0132885386941917,2,0,69,92152,230909,738
-0.28412729422458777,0.5424011177859627,-0.5218739697475834,0,0,66,85369,221864,843
1.522688441041732,-0.6413766712602776,0.29573408361922027,3,1,22,72778,97659,805
1.2634369983124063,0.9086043520449434,1.7868563422725934,1,0,23,131665,104756,682
-0.7846894508696726,-1.744281760485484,-1.7151120517584382,2,0,65,31564,173305,426
0.7948614090507162,-0.7212222813825988,0.8570814167884091,1,1,40,87330,48613,685
-1.2730223524258968,-0.457993946443518,0.5082409835037199,0,0,69,84552,17426,782
-1.1014348862471774,1.2776058926747438,0.8617083759177085,0,0,38,116518,70859,465
0.3255985711464328,-0.20312080464466659,-0.9273090424069965,1,0,68,68727,112894,817
1.1371348875502012,1.1062857067112544,0.06110557012370829,3,0,25,38636,105836,470
0.005649511615006578,1.272176927793803,-0.4982216820893617,2,0,65,84280,101312,813
-0.3809175565147404,-0.03798128493121267,0.41647807993952257,2,0,45,113490,97022,673
-0.0860405171159264,1.6720995602848618,0.35560222361821314,0,0,23,69357,74144,695
0.9391886212286996,-0.46055130920612397,1.5776525875510319,3,0,32,119369,93607,688
-0.6148002880155691,-1.6335685914950149,0.5274537476990303,1,0,43,76881,21064,793
-0.7678516286110953,-0.013791586614373985,-0.6556035222124291,3,0,40,62779,108735,363
1.129655701372324,-0.35678361875033676,1.2938633546569098,1,0,33,106297,136967,662
2.912985550953595,2.0678460128993112,0.9174947438089921,3,0,20,141122,229624,763
1.514192029360703,-0.6400593363965769,-0.2759697815208483,1,0,34,68372,219031,653
0.8784102277784162,0.24617677250998446,-1.4760569045859384,2,1,48,51142,221255,492
-0.46730779079560997,0.21043692642129944,-0.03153321227835656,2,0,45,108761,132849,462
1.8308602612229783,1.4589713279236831,-0.3653432601421698,3,0,33,126617,209801,729
-1.5599040643009017,-0.4622246991005261,2.0104672942671042,1,0,49,142086,32694,402
-1.968091196882588,1.1620095430274096,-1.6008100921565263,2,0,60,93213,65763,806
-0.723825427341778,1.128611363770366,1.4047429870981702,0,0,55,148235,110055,536
1.240649004021988,0.7621763117325752,-0.06802313521340958,3,0,20,63806,92641,673
-1.7497760077245326,-2.498835953616092,-0.2527686287121913,2,0,68,19612,36360,463
0.11729740910358288,-0.18325595834041392,1.160007158735098,1,0,39,139084,83051,606
1.522985756936802,-0.4718443067837519,0.476436247172892,3,0,37,19842,162340,422
2.0777542924499524,0.4278586573607782,-0.6276233507222445,3,0,23,56114,135920,775
-0.2480216323138704,-0.22738568011760912,-1.1226103854718532,0,0,54,70089,107797,788
0.31566611751156803,-1.4828276429502507,-0.27995610873703636,1,0,51,52742,217437,512
-0.4002274212375766,0.08892277101887754,-0.30709458263862144,3,0,37,90343,71743,674
-0.17376521273051326,0.9260311578324675,-1.0811354348683135,2,0,49,104604,228441,371
0.49455312550636754,0.13392497218506952,0.22678292672462771,3,0,36,58549,150028,531
0.008973863404478036,-1.53584489644334,-0.3217767928810531,0,0,56,19894,71200,705
0.9640360259921078,-0.14285487564253516,-0.1101146399710003,1,0,44,40437,90575,725
-1.432117518374373,-0.18441059921210484,-0.8755032359479624,1,0,67,76748,169041,658
-0.5017753491317644,-1.316159022435956,-0.014221178536639997,1,0,53,48087,44586,463
-0.9432960887408165,0.4440466509695298,-1.0527813348800568,2,0,52,44966,46278,426
0.12337872705404518,-0.6865968048201563,-1.8152750973707483,0,0,67,42646,225064,741
-1.478955193173089,2.14273831351446,1.089876736450747,2,0,49,146939,78345,338
-0.44399648377129236,-0.5668233288460939,-1.2338250333353167,1,0,68,90535,160778,768
2.216297690962901,1.5894610756070682,0.19284447331355922,3,1,20,78297,208707,767
1.5690473471154534,-0.12796755582264877,-0.8459782030945531,1,0,63,71999,227741,709
-0.867887444716625,0.19601840093460418,1.1468342421550537,0,0,52,89537,118739,375
0.09616933516357368,-1.1811029077841755,-1.5043367359519317,3,0,34,35933,73501,808
-1.364032398902447,-1.8693877367268101,-0.5086656086325676,2,0,69,24575,57523,700
-0.27004454099986996,0.12428777154321442,0.6434972742540548,2,0,67,75009,205311,469
-1.3344580203152625,0.32631257162443855,-0.2889242719723265,2,0,66,130897,64313,312
-0.3656472550892536,-0.24538066918675275,-0.43578141562138295,1,0,54,132623,137356,738
-0.30095503337148627,-0.453155128397275,2.0397785858396245,1,0,58,126901,44943,406
1.352728545456552,-0.13152259299479147,0.652517828539037,3,0,24,102726,197289,569
-1.083979234732392,-0.5255855984652027,-2.0405281875411228,0,0,42,17962,58172,655
-0.35103037172280976,0.6251330300622836,1.1261996194640123,3,0,36,123675,74383,417
1.6068017079029397,-0.48995252122044164,0.2413675110316763,3,0,28,54693,162277,492
-1.0120976778750659,0.17997436393560282,-0.7445473061128037,2,0,47,101737,164212,577
-1.5975548131795145,-0.203440242332039,2.2807093436547574,0,0,47,130103,7479,551
0.15208911498119476,-0.23656215689340582,-1.2993506723295911,1,0,64,119081,225654,752
-1.122743686202033,0.4978374223752444,1.0383902984544449,3,0,26,93256,10119,691
0.25263362416543117,-1.2990643009116352,1.2400448299199527,3,1,18,37901,44650,450
1.62309094792768,-0.3786002527448684,0.5470450445117044,3,0,41,89240,222859,610
-0.37601510012862754,-1.0854954018533132,-0.8107793129506748,0,0,53,24800,102431,782
0.9394002388975827,-0.39284614502710324,0.03007532262653232,1,0,52,87251,176563,751
1.0223801262598273,1.6544355700316316,-1.0375263626282456,3,0,39,124088,205613,657
-0.3526101390319232,0.10612075423353493,-1.4576576851967855,1,0,46,20415,134084,507
-0.8448455325004846,-1.0188802845205802,-0.5645506728621597,3,0,40,50954,23608,612
1.6873228215953993,-1.4407115943581854,-1.0940084404826182,1,0,44,26222,207712,757
-0.22646774104357362,0.1414570318506629,-1.3985645676651806,0,0,45,38637,21941,836
0.6830935753253852,0.40262947077634936,-0.14148531136477235,0,0,46,71816,185874,688
1.2993721765250603,0.10454894958155347,-1.1359941840816734,3,0,30,18249,134071,781
-0.9263120509906554,0.18143412130285272,0.44647956793307375,2,0,69,144324,79090,526
1.995658382616055,-0.0061544635354964395,-0.1375882317031988,3,1,21,24152,152571,370
-0.5488213687212848,0.5015566342902571,-0.6570001267468845,2,0,62,68631,213971,544
1.3380110711696607,0.25748210299015273,0.4754836975393064,1,0,22,100778,55750,779
-0.7030520736866632,0.6405945113843728,-0.3709490389353628,2,0,50,118590,90832,817
-0.11109292198777648,0.6382919884431181,-0.619221439129513,0,0,22,38413,153593,484
-0.4767262840889842,-0.6167106089142381,1.2647358420089916,1,0,36,130108,10267,778
-0.23726236395784028,1.4429572232074257,0.4400085944494403,0,0,54,111928,108959,578
0.8495611135389555,0.6926146773944423,0.579375843312393,0,0,37,108584,208900,757
-1.4223899802940538,-1.5765421981252759,-1.1283787345270486,2,0,61,61483,49926,426
-0.46759954291596584,0.8215014170252632,-0.2551209758514086,2,0,64,88746,129100,366
-1.6010357321997726,0.19474173607250428,-0.12153809920322099,0,0,34,102304,42257,736
0.6181144247782752,-0.030683729426235838,-0.25943407395368223,2,0,52,80040,90977,822
0.4136194993487537,0.4057423252169309,-0.34098298191701115,2,0,65,65938,226914,389
-0.34462876200424203,-0.5271722649903511,-1.4757261397675212,0,0,44,34040,33584,834
-0.28311481571499264,-0.12373427889962596,0.8090065949873936,2,0,57,127223,199702,511
-0.8452342885935589,0.07946085785665272,-1.8622740833843459,2,0,56,43420,226384,762
-1.0556758349463657,-1.172984898611774,-0.3344395910904623,2,0,44,39180,46023,360
1.0120757178231279,-0.3312529379870949,-1.1818142879761386,2,0,64,26724,230318,555
0.10845467932051596,0.6886716455271836,0.882682931992137,3,0,27,103114,91124,722
0.8747130535611548,-1.304128094097301,1.341519177273144,1,0,47,91591,155779,667
1.0405496855733944,-1.3014614633183677,-1.194748882641558,2,0,60,24219,193960,481
1.9840645740155591,0.7560900359608417,-0.47526301483550815,2,0,46,132330,226915,660
-2.187421589246434,-0.6705117090459755,-0.4289095684378873,2,0,69,127833,9516,644
-1.3708815587049792,0.7480312268033237,1.3744967452619152,0,0,38,117001,59227,396
0.8566815702718533,-0.11516604996646986,0.38037725762354,3,0,27,138814,140837,658
0.392504401710579,1.0010924413743894,0.08515109859440326,3,0,33,97579,176050,596
-0.23902524457055235,1.5409102389236238,-0.2924548088850738,2,0,53,139902,106441,746
0.7068744832917915,-0.7325858785941167,0.36613803380030774,0,1,34,43046,176982,498
0.9406266768140934,1.479525983039815,-1.3451107125778816,3,0,34,78679,146185,741
0.19821192175253485,0.6037989134554599,-0.9663022362121803,3,0,38,113004,108956,792
0.27060959822499947,-1.559992445906458,-1.345586641439279,1,0,40,79835,147251,848
-0.7501106133443655,-0.02970353913555397,0.8682283787839361,0,0,35,124753,78708,548
0.358842660306687,0.6103874601271905,0.41729866363335144,1,0,33,77675,43044,787
-0.6640919200441473,-0.4270283877077934,-0.24687474122947792,1,0,69,85800,221121,392
-0.3852443455600712,-0.13607274948470552,0.16691880297679468,2,0,53,113677,237508,329
0.42540722007185966,-1.720288184204217,-0.3471096836753812,3,1,27,21848,51238,382
1.0694500049224773,-1.3632960193258217,-0.697463388013447,1,0,49,64895,127296,821
0.24095413572933938,1.5583006658360916,0.095612384536832,3,0,26,124676,60823,819
-1.5444840237444404,-0.45872409714541756,0.8451712010791691,0,0,58,87277,103249,578
1.4944365881385693,0.3451853356285141,0.5948782494010448,1,0,39,116819,218122,477
1.3506562400503648,-0.5414184106178993,-0.3844341037613396,3,0,33,92157,231942,383
0.8186413916952398,-0.1999018763178387,-1.2637895737186307,2,0,60,54569,151448,776
0.9094134040687923,0.07613659804192416,1.2619995784931657,0,0,25,112276,159413,492
1.5241225218641576,0.6172165696799575,1.470672384987621,1,0,18,103214,58813,700
-0.38078924780563006,-0.741567064429417,1.1226302754853503,3,1,39,94913,5034,572
-0.07258393485539552,1.9174047818838258,0.45659969543950896,3,0,22,73352,48914,418
-0.08167467418472352,-2.0764862000103,1.1344478881975655,1,0,61,33465,128838,403
0.18367375758988558,0.45979163967818093,0.5339085818220285,1,0,36,134110,234842,512
0.5201740293097896,0.28610392406478136,-2.2426998617365803,1,0,57,75638,182338,824
0.9242407560759615,-0.47380738505987496,-0.15573825693500867,3,0,21,20752,127553,789
-0.9085022176930532,-0.4817205044687842,-0.147450762761221,3,0,29,26667,14780,527
0.2076821519032671,-0.747219706773461,1.0578197044798976,0,0,42,76369,35924,464
0.5672483144244972,0.43453988097495666,0.6163509351223552,3,0,24,106345,61684,362
1.3136546571018408,0.5690751762394418,-0.7584116237612114,3,0,30,37746,242227,667
-0.3774669477135961,0.6796067135842844,1.8451137242214728,0,0,42,147173,189880,449
0.24424925845063788,-1.0029156590707824,0.6519160044022666,1,0,64,108780,53190,749
-0.38259517849124813,-1.4464165308522199,0.9115038934844005,1,0,47,71560,34545,639
0.49676385181544,-0.09902729914238106,-0.5207349086949141,3,1,41,33445,168766,315
-1.4142076260467469,0.1006740149557265,0.9470536981667445,2,0,68,117978,24732,375
-0.4449644732494275,-2.531717619925246,1.1137471814181243,1,0,56,81897,26535,470
0.3575625957637043,1.090090271855972,-1.0653237937692184,3,0,38,65595,183742,449
0.6096780274449828,1.6523059443845507,-0.20827153052732292,2,0,52,127226,146691,771
0.11489764003341252,1.2652436305889279,0.28302464007406447,2,0,68,72316,248132,308
0.792851542094976,-0.3777698477159078,0.7540570827586004,3,0,24,20931,42347,419
-0.9446597520055906,0.2100148199471588,-0.30118930217396844,1,0,68,115376,65672,718
1.5209376624154203,0.5654387652766683,0.0879363839134373,2,0,45,66272,205219,348
0.3887118145665987,-1.1666997410949782,0.3017982573768766,1,0,28,89551,125545,754
-1.123893875035384,-0.38870571162831274,-0.5054833844873938,3,1,32,41317,7473,757
0.7723204008664084,0.038249454863211435,0.4354538656518303,1,0,41,79315,204973,521
1.078786582112267,-1.3299560647168573,0.07111696337395287,3,1,40,19453,93545,405
0.5493943194742534,0.025430566951387082,-0.8213458793257403,1,0,62,108970,122768,774
-0.4747808438596451,0.7354878722585695,1.4594659003042467,0,1,24,98109,122831,382
0.5511640051331045,1.715253684989188,1.8013136454254386,3,0,25,141929,24531,617
1.036808018542509,-0.681529527374528,2.5067203237291684,1,1,26,130126,188941,357
1.4714320957067206,-0.43945985919622,-2.4697823847735454,1,0,33,30681,198919,741
0.4830469468138142,-0.09206412405449306,0.7209812244987488,1,0,31,75152,23737,685
-1.0662323022177673,0.4335336322100173,2.7816966623294803,0,0,30,142372,15172,597
-0.05802822996253023,-0.14414452860246932,0.8391561796325162,1,0,60,117680,17256,747
-0.5715040875782932,-0.902363187542865,-1.118321109637922,2,0,55,73586,194512,556
1.0751537300347944,0.9254286313258192,-1.6490535166614082,3,1,24,49221,95175,715
-1.7724431344571325,-1.2724360972224362,-0.7596532820362747,1,0,59,58303,70564,699
-1.0149505739096745,0.3477551052530428,0.2858856047644801,2,0,53,129247,6261,509
-1.3020309242046628,0.5929728006532548,0.5691214308811836,3,0,28,61436,33913,378
0.4401911054236157,-0.8509108092721519,0.8017359925856592,2,0,50,47752,136343,354
1.738843750416701,0.5225022545468969,1.7855990605063674,3,0,21,145143,76357,528
0.40036459628689386,0.2852670648250467,0.38671968858860395,3,0,19,64732,92983,683
0.22854632340635403,-0.11143843738122178,0.3358844153897549,1,0,56,105859,61018,832
-0.7354359236991856,-0.4762582486510709,-1.2496985413592523,1,0,69,36378,86508,780
-2.1839000638996424,0.9710873621876633,0.44105529132646426,2,0,61,147008,126274,337
1.5981583955497016,-0.3945578386491194,-1.1993232366091664,3,1,22,31590,231030,742
1.1974434052137466,-1.3753657293531238,0.00023703194595671613,1,0,49,47118,146202,759
0.3071757031951927,1.8938131044229003,-0.21421845285411964,3,0,32,134184,139132,634
-0.2223550698695897,-0.421043477260205,-0.8361618695515818,2,0,69,78052,214171,697
1.7806120627691748,0.2290486453390415,-1.8935269226919944,3,1,21,42930,132882,781
-1.0749786136997925,0.6109430839597019,0.3877598182038713,0,0,41,116681,84303,442
-0.37570533853004656,1.0411023888590147,-0.5831919141372455,0,0,55,130505,178389,824
1.1086324766314362,2.257983275716689,0.36361020974617453,3,0,18,128121,203028,825
0.4717222925262268,0.6718721499787277,-1.191607576914253,1,0,59,63220,223365,846
-0.951054950196189,-0.7850522513658104,2.2614225890897597,0,0,43,91244,113551,364
-0.6057439746124302,-0.6471471486192028,-0.6968263471143312,0,0,64,53675,187669,572
1.5251423852312316,1.1576997286408435,-0.08907737514369789,3,0,43,142999,241967,504
0.10633359040317154,-1.081734819050848,0.5983919626009697,0,0,54,38171,66188,424
0.5520219144623761,1.0842867667254024,0.47138912611506345,0,0,36,144968,48118,848
1.4997978771915637,1.3607667603516043,0.1394168121598857,3,1,28,106117,164812,570
-0.9409569069077226,-0.11900892369628643,0.8819379314579023,1,0,64,135857,17360,440
0.03745133660785984,-0.7562970850262063,-1.027967796736642,1,0,45,54737,189318,660
-1.9715587273920567,-0.5938476839695996,1.0001893384237794,0,0,37,91852,21107,447
0.21754698995861782,1.1536504047327623,-1.0878346795192186,1,0,41,116430,117192,698
0.8708052184901015,0.01621159044908607,-0.3136902737138103,3,0,22,49971,137473,809
0.1630187060066965,1.3146615197493678,-0.5040236475370722,3,0,28,70563,39717,589
0.17671269887462004,-0.3000311258697851,-2.321305233028611,1,0,66,62467,239765,661
-0.8842539064538264,0.3310926926286052,-0.8970273761292099,0,0,37,30496,155638,616
-0.7148172002497949,1.2146833874592349,-1.2214899685291702,0,0,55,78468,114397,696
0.08475428921227253,0.4568446504675597,-0.3676974556247522,2,0,62,113173,234773,690
-0.4203912246403066,-0.24004798902616803,-2.220999159689784,0,0,43,27735,152725,707
-0.1818708022023653,0.22557165243426663,-0.688298940867932,0,0,64,77212,184938,740
0.19726721862097787,2.314550423051354,-0.14415631665977255,0,0,35,144726,208466,623
-0.12908996250614285,-2.500395119786075,-0.4594439519927378,1,1,61,27158,123088,659
0.4294379357111414,-0.815274268526149,0.6501327104467238,3,0,38,40497,27527,357
-0.8014140325825928,0.14947140166818654,1.2085983934583457,0,0,18,126151,105265,367
-1.1524191009318454,-0.8352222006119886,-0.4538562090346022,0,0,35,56626,34490,703
-0.6729915258934884,-0.18653378788135852,-0.09464042170797925,1,0,37,100637,87948,542
0.0036866326646418962,-0.36013230811539776,1.8826034600238772,1,0,44,120084,109940,460
0.4699187971003476,0.4233742338579233,1.0545270556286055,3,0,38,69573,121424,332
-1.167309702707771,-0.7243140862024495,-0.1667951821274108,1,0,55,57759,29587,675
-0.40509113057224394,0.42839289610030024,-0.5567888515080491,2,0,46,141173,208665,462
0.422076028248844,-0.2452763191130113,-0.08976912574544126,3,1,41,44871,32580,470
-1.0833934621081573,-0.7107942295149355,-0.2020328005866616,0,0,55,20231,148584,356
-1.9324451911967162,-0.46174335350524087,-1.1458611567986319,2,0,66,35733,39795,600
0.056019979435930706,1.7887658670267452,-0.6503344722244024,3,0,22,74579,28446,699
1.0790302490033756,1.7679866296350009,0.927901495975681,0,0,21,132154,213093,564
-1.7875362453339483,0.4535569944757919,0.36759260056372045,0,0,47,109802,57682,597
1.7051338105592877,1.1357469898505779,0.7088355345745829,0,0,23,99092,243735,447
-0.46875462261595674,-0.4930345569329288,0.35555379235319085,3,0,34,54904,53253,707
-1.2948704471104726,1.0254945910140019,0.33597380067228333,3,0,30,85448,28083,313
0.8847629069924808,0.017329710801184978,-1.415217914185758,2,0,67,34022,191017,639
-0.7429848841912733,1.4619861813498631,0.19143582374392684,3,0,29,124881,116846,460
0.9242662617307921,-1.0628198149374877,0.2659232809043962,2,0,64,69914,172537,423
-0.8225089085225444,-0.5830582626898152,-1.7346042562875343,2,0,55,24080,137313,706
-0.12539237164853043,-0.2747326024772248,0.46661234753957737,1,0,41,60331,134490,358
-0.9751103953405444,0.5147215198793463,-1.2388805257955773,0,0,40,43712,71573,774
-0.03737061586501946,0.038781003263137444,0.4939320508132041,3,0,27,51091,46083,431
-0.19808365905005382,-0.49615392048915796,-0.9128085929889579,2,0,44,69452,55055,509
0.9019685184900976,0.25969239092728896,1.3368245426808683,1,0,38,87183,130777,503
-1.616546538097555,0.5540895682432644,-0.7857975409777476,0,0,46,56059,35101,455
1.2052085144742275,0.1334007589326352,-1.9278382107971257,2,0,66,15801,195682,689
-1.612619884326963,1.090779510685762,0.6374848933356109,0,0,48,141831,78664,502
-0.35381054591732614,2.2433099677401294,0.7317821541422644,0,0,25,149057,150796,366
1.019692329347747,1.4585862696720522,-0.9118099485000375,2,0,56,59083,213200,799
-0.09481959604761467,0.9370818763283801,0.6590486544474679,0,0,46,90640,60749,661
-0.4177490160555127,-0.7671561657689338,0.877152502254137,2,0,59,141249,9149,678
1.0468600754161888,0.3531999466746284,0.7182000354614455,3,0,29,85602,217830,555
-0.39637821158315234,0.2540213617143568,-0.3840053841872767,2,0,65,88359,150228,833
-0.2752508960453515,-1.0614976389670638,0.32737982671163146,2,1,55,70850,168384,303
0.7250184142245549,-1.6959455743134082,-0.6848704306546542,3,1,22,17055,106716,492
-0.008592395306757877,2.0388700466369336,1.2236782325106927,0,0,46,142154,147719,606
0.04904729185841755,-1.1557240238133453,-2.2507675484869516,1,0,50,41820,111137,742
0.3974983863290847,0.8288633610462895,-0.08076377949880867,3,0,40,89198,123033,795
-0.2712539077094764,1.3607925093777307,0.7102561910262206,3,1,31,102756,34710,495
-0.34216469684132145,-0.21901315230568869,-0.48086804241059566,2,1,54,67281,135981,726
0.5371252364105966,-0.045063296973655305,0.03204097763194691,0,0,31,16024,197347,551
1.1153993109587093,1.4507951397140533,0.6389562759084936,3,0,18,82700,181751,365
0.9004584927667008,0.33574845178949436,1.3422335441925741,1,0,37,132178,135275,812
-0.9874324187456119,-2.0690488005601027,-1.3303243491137564,1,0,69,49032,134322,542
0.2789287231119876,-0.5145004755828558,-0.4284700396733624,3,0,23,103223,42997,745
0.16361170774990902,0.18421846985495666,-0.06005484545932612,0,0,35,48040,211981,487
0.8432343811383648,0.10530329287193337,0.4165227120362278,1,0,37,115918,111339,531
0.2834080860590422,0.1320416520382749,-0.7785739679970906,0,1,19,27500,221734,346
-1.4919655576460156,-0.5198857322424169,-0.9446533822005763,2,0,66,63523,76267,455
-0.03030179183616649,1.7056240856730094,-0.2803630904219868,2,0,46,131905,178135,647
0.9603152728796327,1.163271490877447,1.2772517941666253,3,0,22,77870,76472,391
0.42348550702989113,1.0506407747649693,-0.8040398153504726,3,1,43,83928,164351,540
0.5594851790987323,0.26209022692153544,0.14444377606138953,0,0,19,17855,230316,385
-1.1440356294335798,-2.651173066641266,-1.5856267818377494,1,0,67,26571,17018,755
0.028991866165253188,-0.10381996457338502,-0.11258589460678288,3,0,43,65812,130851,340
-0.593552716490228,-0.9577199847764812,-1.621302877045233,0,0,43,26672,108246,776
-0.13782742610213894,0.2126267524038623,-0.7594734744310633,0,0,46,35565,210998,403
-1.9575702315192511,0.9931599778443049,-0.25478045381554726,0,0,58,123726,69978,685
-0.15467942036000104,1.926633939364893,-1.7010648115969869,2,0,48,124121,111682,835
-1.7010339872708085,-0.12240456618657818,-0.555348969110383,2,0,57,120690,30751,647
-1.1599589962737147,0.2954179164415846,-0.8653357037866591,0,0,50,85341,109583,731
-1.4650266692439868,0.5788959004270744,0.26932722588971525,2,0,49,82700,97927,499
0.09826862944328309,0.5117062596667968,0.8656743191646024,2,0,65,115309,156571,446
1.028986911582059,0.004976097862402945,-0.27878140572724863,1,0,35,132227,224280,820
-0.34023349337757197,-1.3712396742378488,-0.41221980167550243,2,0,51,71021,76869,610
0.1228319336530946,-1.5803946374775097,0.8190796050464201,1,0,52,80106,114058,733
0.5518304050038634,1.5240584476052068,1.3695879525074217,3,0,40,149549,118303,708
1.0994355305262373,0.06334053648472389,-0.24611914869588178,3,1,42,38991,142453,410
0.7611171994831402,-0.8150383387066488,0.2363874350488187,2,0,61,109478,204777,743
-1.8083055956092875,1.02980622934804,0.5725776021686383,2,0,64,147225,42497,831
-0.8884623869691912,-0.8633027031960714,-1.1049329386517854,2,0,44,53329,85322,341
-0.44472153860438374,-1.0448786442727866,-0.2431796520176754,0,1,34,24492,137498,371
0.07609382943763997,-1.720900626521772,-0.7157614157388646,1,1,36,35479,193321,489
0.7668458791741047,0.3316462834626452,-0.8179757271954057,0,0,29,39343,144208,648
0.32108845689271215,-1.2997891683758505,-0.4354582534115288,3,0,28,15707,64045,546
-0.660693410623327,-0.1746140955144729,0.12383138591004375,3,0,26,59373,126586,357
-0.32749497181774967,2.2647466262722236,-1.845390970477088,2,0,56,94858,196567,734
0.1582899618612043,-0.9784916844021343,1.5366474218478534,3,0,35,76577,77984,326
0.2607700254637658,-0.34377353901522656,1.1348092921244992,2,0,53,95177,145562,350
-0.609703030481981,0.44146913721548786,-0.19309401224781747,2,0,56,38102,74817,401
-1.1547548979137199,-0.2829278859384911,0.6188123722587956,0,0,21,16843,24565,412
-1.5270209114346378,-2.176180782755588,0.48426354191911636,2,0,69,28129,26851,466
-0.5410560417463317,-0.7984246130245232,0.33620400220005,1,0,32,62991,6258,387
0.3850076397663014,2.092397433786559,-0.5254493202246721,3,0,27,95300,199484,414
-1.4097093563877912,-2.416264124096549,0.4158580607088983,1,0,59,49830,97057,304
0.08615623099042424,-0.3066253524765339,-0.7662362072320763,2,0,63,143183,224785,826
0.26566324647793893,0.7848651885752946,0.5249841781503959,2,0,65,146762,192363,475
1.0539049444703008,0.5275665781672648,-0.8873895893690426,3,0,24,73736,31908,848
-0.6933042082173856,1.9354129232333384,-1.2645923015095093,2,0,67,111849,127086,820
-0.44410035096505207,1.5252332737114,-0.7956534768042642,3,0,32,46890,23762,662
0.47997771944271533,1.2993335505794876,0.04460395916920194,1,0,49,131772,249631,611
0.5999063779200396,-0.7586664688491077,-0.24751829045359997,2,0,53,37991,201921,327
0.6715859092001071,-0.5374104073403911,-2.144202958978171,2,0,66,48604,188283,668
0.6492565719758713,0.09287015694588079,-0.8726152970239831,0,0,40,25953,175861,687
-0.6915785159492124,0.775459778548825,1.9236884674888066,0,0,45,113703,32403,363
-0.12254670667274078,0.477936541673824,0.8656430683718893,3,0,27,86670,243284,315
-0.6258604962171455,0.7219047508908144,1.502711788523776,0,0,44,101723,180615,356
2.1979834844453663,1.1965563738792417,1.24034760676596,3,0,30,100085,244069,492
-0.8864740351721869,-0.8572086252354135,-0.7178907504435069,1,0,60,44335,114247,488
-0.4335613689718527,0.332643483659415,2.2986117467862237,0,1,49,149534,182887,351
-0.5975038585562765,2.1792781932088863,-1.2893643094381817,2,0,69,125693,188019,826
0.6038917555621656,0.840836596686677,-1.2936884609163937,0,0,56,84916,200080,797
1.3797681536765432,-1.746013261381502,1.5729408459333576,1,0,38,64684,215179,423
0.6300987512941787,0.08787821585102425,2.4783164711259436,1,0,24,103029,22396,333
1.388855619803108,-0.4734959268582904,0.46716996261300603,3,0,26,101253,236725,584
0.7056296582666656,-1.4223172649357723,-0.92745656737412,1,0,58,35900,183684,718
0.9548903725372341,0.5636059610088664,-1.0934889084832013,3,1,40,131470,163699,784
-0.09660710864317677,-0.6080637190189156,0.7429329547099317,1,0,53,108875,32505,791
-0.25805870855272073,0.29590621761982355,0.4460205639630678,1,0,44,111479,122563,466
-0.24287054231366073,-1.4999521092391876,0.2328121774117348,2,0,65,68798,24206,727
-0.042405309668879246,1.0012530391527217,-0.24457251421520065,3,0,27,107906,100626,694
1.8474612332523028,0.13993304447593113,1.0793291003566983,1,0,32,78686,224022,651
-1.3070768724668693,-1.3038434383252286,0.444869732697489,0,0,26,18886,50038,357
1.0910810970381655,-0.9314090683186435,-0.7744541815533443,1,0,58,54014,224868,532
0.823099800387115,0.0044705096754998185,-0.012404499590449529,3,0,24,18718,42952,469
-1.3603704891646562,-1.5142835438240367,0.315108932846612,1,0,60,65886,55891,389
-0.7373332631503547,1.2764828794532745,0.8377534054415828,2,1,48,124863,24470,553
-0.31832896350977447,-1.8385596439704854,-1.02335914287763,1,0,43,20894,49560,748
-1.0531955075939055,-2.5508450216980303,0.6676128144112577,1,0,40,30295,48537,373
1.0300152496564317,1.712336710629115,1.6357441797614458,3,0,19,145996,187066,499
-0.7596604767702579,0.9132541095297775,-1.7643792366997009,2,0,64,99434,213367,704
-0.2484025043476888,0.3867127569767055,-0.6665550365233817,1,0,46,78358,32341,697
0.25886095956675853,0.6128806273385072,0.5289601814818237,2,0,58,99724,175136,560
1.162381733747039,-0.6496139002573905,-1.0565384950396584,1,1,36,58194,147157,724
-1.0568396921233452,-0.492254193348779,0.6975513738223421,2,0,61,146625,32644,696
0.6166957567996614,1.999859938696381,1.8930209060841503,0,0,29,136505,119090,457
-1.2739062081829207,-0.3488962475231697,0.4231227873813095,3,0,28,75125,21827,554
0.26580844545234894,1.2481572427692724,-1.3321973402803988,2,0,69,94623,197252,656
-0.7952990616619349,1.1046908248774447,-0.07994732755159188,3,0,23,47026,113881,410
0.32708246036864413,1.8444652682606,0.7659327634441868,3,0,33,138038,183259,725
0.282264644515343,0.6385315021265988,-1.124570202701748,0,0,29,28702,169493,342
-0.8637200659301191,-1.258766868519937,-1.5979210172408647,0,0,66,30856,133205,672
0.9891422078896098,0.6440106607503823,0.7369260103050055,3,1,35,109416,190806,433
-2.7485131103526337,-1.341425475887311,-0.5617914958151803,1,0,69,65255,17474,668
-0.14777584188386725,-0.4727939198456176,-1.0759165171413985,3,0,34,19541,73891,762
0.5087430618824234,1.0919126742327203,0.3775103509719451,2,0,49,91807,168986,414
0.6930115940742372,-2.1847118034039132,0.44065408719421995,1,0,59,23779,190855,370
-0.9203757678139964,-0.8555089425546963,0.3668789065909681,1,0,44,107181,154181,303
0.4755187523257598,-0.7929742415280808,-0.04253903909984316,3,0,36,27312,136879,532
-1.6848770349839746,-1.1544654041458848,-0.14937454484860732,0,0,69,84322,180011,314
-0.5937749111304723,-0.4644353759861795,0.5131812810881358,1,0,25,69274,21111,533
-0.19382522824838888,0.8790219787465094,0.023771924096005814,1,0,43,109963,180180,451
1.6664642998387404,-0.7514644244552163,0.34890424131322806,1,1,39,63585,235648,793
-1.0985938633592738,1.1254156442784782,-1.6153434328746878,0,0,46,39835,105422,594
-1.2179087821353698,0.004602345736777922,1.6196796403452298,1,0,61,135749,18814,489
0.46974726587764376,1.5570121708213212,-0.6961708770669665,3,0,19,44057,206814,365
-1.4202366946241858,0.4548179837926489,0.00791832369370411,1,0,60,134189,24915,727
0.4899723670537131,-0.7893855675149409,-0.2129653414902213,3,0,21,94938,22183,663
-0.7725584708985053,0.7867079262423077,-0.6477814883057259,2,0,63,99767,111208,647
1.1033322343312304,-0.26190478373148923,0.5739934650647743,0,0,34,79761,188246,597
-0.31004302744600554,1.2875010271012954,0.4804391738905309,2,0,69,140025,149893,649
-0.2800016063563335,-1.6296555318209929,0.7379550729531732,2,0,65,97073,72202,571
-0.5036246247772803,0.021874009772435817,-1.5288576710396211,2,1,65,19886,204772,306
-0.34301852365220387,-0.5736906238490466,0.5017552282341129,2,0,61,106190,134886,633
0.7495745858579613,0.1423974743341668,-0.429296004189896,3,0,19,97219,189133,663
-0.057632228624170626,-0.5128156873243181,0.6037314408291706,1,0,30,126480,147518,502
-0.7540492849146387,0.8419181613599807,-1.0973076857326312,2,0,65,101943,84567,788
-0.06927485989851195,0.015450540539361865,1.5281768899607733,2,0,45,144053,137551,567
-1.0794961229947173,1.5015779298465082,-0.2927138775079141,3,0,25,85560,77386,482
-1.1672196378648103,-0.736664799774598,0.5954149557358269,2,0,53,117706,104450,344
0.7581626287514273,1.5037953864830043,1.1661263747652635,3,0,31,147304,136959,509
0.4041153177768683,-1.1278230598484913,-0.6419354389618037,2,0,66,31979,187940,710
0.9410304556618644,-1.5775928145877705,0.884269015138808,1,0,30,47210,6765,478
1.335654056324841,-0.3628276310098041,2.2661062716675002,3,0,31,121390,241570,319
0.3760719973546066,-0.4796660314651479,0.4978106821977244,3,0,19,42229,86711,381
0.41121612707711136,-0.25362930982196324,0.8789400717491052,3,0,42,53058,29317,351
0.4964879622342632,-0.5029256235553665,-1.253759186827443,2,0,45,41191,48572,807
0.49243440018242957,-1.5383284455096675,-0.2579941038647835,1,0,26,19036,92907,694
0.5957874731308866,1.7011528414197212,0.11445877564521575,3,0,19,114211,42957,826
-1.229656128109312,0.5332260411839442,-0.857486519295854,2,0,47,41405,88840,397
-1.1645433107340721,0.0082176396869927,0.11373456618912553,1,0,66,144436,33908,436
-0.7645671822007767,-0.26566435230545626,-0.22201062701262475,2,0,60,96903,76477,793
0.5799994214746448,0.8142496636771085,-0.2980450893706529,3,0,27,96350,39970,689
-0.9389824660478393,-0.9028314876332706,0.8490634456209071,1,0,64,92198,96015,313
-1.6524277489757095,0.4856391794642315,-0.5217744667692,0,0,58,30037,162692,331
1.3598903091804606,-1.7854546699458862,0.018760781131760537,1,0,51,83559,245057,722
0.1276653808987129,-1.8587809528854584,-1.990696184092116,1,0,58,20492,154325,761
0.5499214751074085,0.46847940437557933,0.10267553948002237,2,0,60,113965,212275,344
-0.346605377173919,-1.124392500005233,-0.39845685536238573,1,0,66,74353,97032,614
-0.3092283040574505,-0.41467125208552297,1.0450608904273633,1,0,42,111823,55766,346
1.0526406596954994,1.8910686721578451,-1.3150466765274176,3,0,18,69143,244017,822
-0.1992844607495856,0.41154637768419733,1.7747931102948928,0,0,29,128045,29011,400
0.4786664877764112,-1.4651676134428915,0.2620644550306268,1,0,54,70843,187860,713
1.1556531785608632,-1.3366866510259572,-0.05107615333988008,0,0,32,36499,125913,790
-0.9923404214499142,-1.6116261920362478,-0.7736965246689467,1,0,64,44046,33229,534
-0.08271436838105152,0.6291037366767126,-2.989737527199789,2,0,49,35267,124241,788
-2.3082396852229254,-0.9252241695102617,-0.7406845685565461,2,0,66,27458,23848,440
1.289766871839564,-0.5238049764097875,-1.083695226084671,1,0,44,45707,225552,509
0.2228646159099209,0.6994203052515594,-0.17449647248569997,2,0,53,80066,180940,472
-0.7487906338829673,2.003682422023407,0.8996928044599153,3,0,34,141909,169830,452
1.041842936787645,-0.10640657940297935,-1.2701898698742349,2,0,45,75626,244537,786
-1.3160433538536738,0.5700201780369515,0.327186387283819,2,0,63,65662,74540,547
1.8645098473057957,-1.6438817225235636,0.6356577611691362,1,0,45,42209,225007,375
0.5587984303166235,-1.5414901330902664,2.313598924051437,1,0,18,130855,8631,488
0.6376679904915868,1.4411934089718983,1.1237552275473868,0,0,42,135870,224983,539
-0.0017652995138740957,-1.5804627930527455,0.04550443492410465,1,0,44,84971,71233,697
0.7059150114469102,-0.7004028780056379,-0.6954284676784271,0,0,35,31606,136922,794
-0.9954851288027128,-2.3295351272106632,-0.4925928837755278,2,0,65,16300,80324,384
-1.8908535184519482,1.6019851046179354,-0.6161736868186168,2,0,47,134541,36792,712
0.6118676400317371,-0.07771351228393156,-0.2455331627039729,0,0,44,72192,168134,519
1.7321272283030393,0.24997881265559052,1.409361998244265,3,1,27,134700,220695,495
-1.1440228818880764,-0.09600789537975035,-0.8314274974752417,2,0,66,18003,70355,348
0.23618409780297514,-1.734261997960054,0.5382481170295076,1,0,58,69746,55029,559
0.417044436942257,-0.3492302898257204,0.37278856576578134,0,0,27,80276,99896,733
-0.3605427111192624,1.4791836421171793,-0.7592932260674462,3,0,34,112782,39324,662
0.9289559413531986,-2.0025234700492733,0.5727870561987128,3,1,20,46555,55674,616
-1.3609093215472643,0.4399991325164678,-0.12043564925795178,2,0,61,120905,199796,316
-1.075363888616034,0.7346862528772605,0.9001569391481232,0,0,48,110454,52135,595
0.6681487877212412,-0.3538414722354696,0.6972801778173395,1,0,52,129070,239185,585
0.7692842738351883,-1.2219290005756933,0.9485772807019555,1,0,26,84705,56993,589
0.7570215671310695,-0.34611528862698404,-0.34937579595651513,1,0,45,128530,249323,808
0.18885846353674618,-0.695791299122746,0.3383421110578042,3,1,30,114084,63195,789
1.1545886622954653,0.017939095252046854,-0.20007112053564594,3,0,34,94474,196124,725
-0.20203968023727703,1.0052577526607376,1.1747481529990067,0,0,28,112791,153238,529
1.609617038701876,0.023821445394347242,-0.2547809136632493,1,0,24,30712,181027,558
-0.2473826848258381,1.4406144676286565,1.0955375910495857,3,0,23,118975,51049,756
-1.1098483090256317,-0.38654765625839915,0.9160769826511294,0,0,23,17994,52618,351
0.4192271074000699,0.38539939339360724,-0.19272417291763647,1,0,19,91581,76541,809
0.19867400454105433,-0.6959134008603355,0.7413033036151305,1,0,39,113735,206968,586
1.536329696602301,-0.2123283717871828,0.608041124316496,3,0,25,94214,79154,731
0.5351507115222481,-0.35448434193240197,-0.5950243189060498,3,1,19,84244,177236,562
-0.8826429026323228,-0.9901572475215339,2.3461074139760707,1,0,54,146482,70412,456
-1.5963959466703481,-0.09624443965424266,-0.33526696738254647,2,0,60,64295,79519,495
1.6932093025948203,0.4700420732743536,-1.7413199415932998,3,0,29,29195,222009,677
-1.4165393395151156,-0.928596669051879,-1.3238096002418915,1,0,58,15938,18232,723
-1.8749838591352825,-2.321612490798839,0.2941663877449969,1,0,64,32091,64859,321
-0.9090681844316689,-0.3860346336465993,0.018520393280469387,0,0,35,65372,166554,426
-0.6088263455465001,-1.228215004223809,0.3484577670130674,2,0,45,16587,32427,512
-0.7438159422748656,-0.453147759819019,-0.9207768600972318,1,0,41,94955,67470,812
0.826496183549439,1.0456565653328371,-0.2340450142952523,3,0,31,118562,73597,682
1.1318938392673188,1.4017306950423671,1.0955528308295677,1,0,40,125402,238583,470
0.4307394478128863,-1.3736624830709676,-0.5100054435749193,2,0,64,32652,184011,619
-0.7466924278804589,0.4293080874538426,1.3424956689696514,2,0,53,97601,57891,305
0.8164727829140019,-1.6399881811763326,-0.3138127965432933,1,0,60,45187,67121,621
0.22026013175565412,-1.8120545456963175,-1.2085463619780956,2,0,54,36356,79810,711
0.7147500027213759,-2.3557637881818616,-0.32692088224595905,1,0,62,39910,217618,730
-1.4363208667034744,-0.2196001371671169,-0.8979060744735052,2,0,67,22112,117661,391
0.28224578070544837,-2.3289542929011366,0.44651956466984577,2,0,64,77514,106715,490
-1.492861688916092,0.2890481873001939,0.24430098448569737,0,0,54,146897,66294,776
1.3726156148760016,0.2641160173782637,0.14775884158555458,1,0,55,110169,223535,659
-0.026298070639461508,-0.055084345195181066,0.36675039580244206,0,1,27,94891,213710,586
-0.35965784585145355,-0.14748829609168862,-0.614757869233601,0,0,53,106745,194475,552
-0.23602488793258258,2.111246132015448,-0.2769228383638108,3,1,25,143180,77748,710
2.0547465202860082,-1.91678546362066,-0.05107629612466884,1,0,30,17598,230834,432
-1.0885815920712851,0.5058677025919166,-0.5408877574898113,2,0,69,83873,195904,571
-1.2631555958587024,1.8652889365881258,0.946284233559018,3,0,20,96656,5055,405
-1.0354226273755214,0.2560630271397315,-1.141431023703969,2,0,67,28796,200965,375
-1.3107032425439997,-0.5532610355592124,-0.11773395803958367,2,0,52,81079,101951,470
0.4162025437838609,-0.8542474226058643,0.7242933747445868,0,0,36,105913,119552,673
-1.683014905524058,1.65063588350224,0.20806482694250175,2,0,46,131550,151539,337
-0.21985247201960056,0.21293296267516135,1.1376488364279687,3,0,29,121347,30312,731
-0.805969694585506,0.014250332088739623,0.4507179930341457,0,0,25,91926,141119,472
-0.33522286422335096,-0.9258952266196138,-0.7394224087622039,3,0,28,57804,93933,584
0.013800330834696322,0.36446744659990193,0.09162700134137325,3,0,33,114699,214496,647
1.3183011616848233,-1.3952685385871284,1.3452483184281259,1,0,47,108639,190389,412
1.6736662469278414,0.868730228645921,2.0175735104770474,3,0,19,145996,183953,679
0.39770337691531665,-0.49996593322778526,1.4044103482740133,1,1,40,149960,181967,622
-2.2776381924370903,-0.5778453119383583,-0.18578270632286006,0,0,65,49019,11979,644
-0.14294104398828272,-1.3465477160071635,1.0577042301979143,3,0,31,22099,8512,388
-1.0207638035067017,-1.350916654908209,-0.09418862121636813,1,0,64,85095,97407,675
-0.21667645820982961,1.0271244010392495,-1.7450912696315926,2,0,60,83870,233127,601
0.12107932830864687,-1.7547230709565762,-0.4624000218624287,1,1,26,53602,72580,511
-1.2338345194021456,1.002123451577467,1.03913216013488,3,0,33,145915,55891,405
-0.6987103047231228,-1.425425363013632,-1.4794202002881411,1,0,61,53491,23295,826
-0.48797357181356993,-0.1841285739638724,-1.390367603100693,2,0,63,34342,158436,368
-0.04541583626499711,-2.0024162779681722,-0.10846589259990119,1,0,42,42780,215242,319
1.6195151493208653,-0.623717271469118,-1.2109700740891036,3,0,32,18936,174722,817
-0.8471247377327048,-1.6993239463030292,1.354704817451215,1,0,43,49107,22476,303
-1.6423128567872236,-0.724766369778872,-0.07069618302303927,0,0,54,30091,81579,428
1.206122181141233,-0.0023026316882229446,-0.5446395276729082,2,0,59,84025,214150,554
0.371633316957966,0.27823224374001065,0.45356441387273305,2,0,52,95308,242468,349
0.26779176106358504,-0.7455629814877389,0.48567044625323186,2,0,56,69907,58822,396
0.7163985271880072,-0.6067282489656759,0.6187458202905912,3,0,27,61138,86052,426
-0.1802446968208904,-0.14164471638886633,-3.018147866311415,2,0,69,16091,171204,836
0.9568799483051126,1.1997952630618514,-0.2166648778360375,3,0,19,73179,61825,835
0.38128811763774106,-0.914907955756351,0.34000588696561074,1,0,46,45102,75403,628
2.377345952582535,-0.6335525650413877,-0.6661526752859356,1,0,41,56084,234762,608
0.19730165366613386,0.401337489694565,-0.4317557851821753,0,1,23,67299,111659,683
-0.857713139964259,-2.028451067145464,-0.4428078924244586,0,0,64,22349,91013,649
-1.2679881971692686,-1.0072458369288473,0.3065149519272653,1,0,61,91166,33911,618
0.8985007485555457,-0.3780970352314922,-0.7479516702397695,3,0,18,55499,146539,727
0.2622788509223716,-0.733580796324753,1.9911176909186639,1,0,31,107116,24921,682
0.2653211909539722,-2.3703774558713278,0.8464401247317792,1,0,55,57831,61179,563
-2.1338127465053565,-0.31249035994567265,-0.605499129412551,0,0,52,66818,5253,814
-0.6322535111756301,-0.004195787555874958,0.3890008853829352,2,0,52,69336,25882,312
1.338503159840261,0.11665682923781302,-0.47709183680740364,3,0,31,46621,78505,614
-0.9217078785419192,-0.37172678739675,-1.6025236701088017,0,0,67,32755,185791,644
-0.9490125722015087,0.23202420532249612,0.2748834771306189,1,1,44,96213,81629,454
0.18705613290693396,-1.0403019627254035,0.9816169585686956,3,1,35,77164,29434,670
0.9765588607607192,-0.3460217388776815,-0.3231139945537963,3,0,33,73541,212778,500
-1.6780655056452392,-1.2989142674318097,-1.1171877986928127,2,0,63,25407,72760,398
-0.6664363572696791,2.151690306785529,-1.7720228302929855,2,0,47,83528,196730,753
-1.2555584065323484,-0.4471992845386725,0.6751941571105643,2,0,51,102152,43412,420
0.6252403967621751,-0.019514737917993675,0.4317060394961354,1,0,39,130730,229736,596
0.4541615080878738,-1.1846472236697922,-0.11074827774966046,1,0,54,87137,74455,841
-1.2909511334942199,-0.09033928063569,-0.33395527203424835,0,0,69,111425,225013,497
0.042285928221473056,-2.358626222353056,-0.2696936665300551,2,0,68,20497,111792,734
-1.4552713718539656,-0.8652501170040722,0.9955134940804521,2,0,57,106488,6379,475
-0.41927756851028386,0.8393917276615848,-0.5479455027057624,1,0,57,133275,109313,830
0.12520014684036615,-0.61437495474644,-1.4322618424659503,1,1,65,81781,162519,672
-1.213735215333488,-2.1479721763147515,-0.3093211962112312,1,0,55,46514,97239,572
-0.5453186173149052,0.3406291846507502,-0.7981400193207863,1,0,44,81434,126165,699
-0.22236314022769818,0.3760641026360006,-0.05654471379249734,2,0,68,105409,196665,452
0.3895738271981841,0.1119443669723228,0.2747666542913203,3,0,36,89562,117593,323
0.985351301761049,0.3616955633907717,-0.1958989647865777,3,0,35,115576,167018,562
-0.47827587195875754,-2.3522160243746697,0.6187645259240113,1,1,63,29431,155100,481
-0.6654672221332646,-0.3283637433717038,-1.5789291191599246,0,0,50,33337,208685,596
1.0323113602400547,-1.8176622960690705,-0.09477203246950558,1,0,62,44741,212640,509
-0.5955061956046529,-2.2951695418974167,0.7127320536398314,2,0,68,30141,58715,454
-1.1529054022207883,0.3517316409599417,1.259539431044858,0,0,69,125014,77881,677
0.41443126960134347,1.7195877995094593,-0.3436972930512755,3,0,19,58606,200046,467
0.005576463410354511,-0.1472560909745993,-0.6726600401610447,3,0,33,72822,29309,692
-0.2561781228184247,-0.44519898336933705,0.29066197966776897,1,0,51,51652,17657,525
-0.5125839348222833,-1.6309007333749417,0.3629682001825121,1,0,64,93091,7151,845
-0.4696749930434358,0.49471484488510825,0.7998437987738573,3,0,26,45983,28344,353
-1.666230198626725,0.058364796839695046,-1.0613220184319812,2,0,61,60444,49814,504
-0.5752155674217453,1.0231046841312328,-1.0105903986851814,3,1,38,87881,136307,546
-0.4862270175361034,1.6207651221441826,1.1568583472617933,3,0,21,140243,36494,748
-1.3528428543945819,0.28038681861162296,1.303154141581707,0,0,45,135211,15144,818
0.1071816345536967,-1.011551838091279,0.5063366271042211,2,0,67,125861,91889,642
0.031633316131478975,1.6900447307403397,0.4289773414513225,3,0,27,146440,185845,390
-0.9627934977548416,1.0056242287435082,0.02604614562415783,2,0,67,132940,39263,660
0.1422504499427315,0.9264414430259561,1.3478724857170261,0,0,47,115611,113589,526
0.579688221655231,0.735228285902345,0.45144838891344685,0,0,27,61315,47150,809
0.6925524400794733,0.05661256579159048,0.133044585696123,3,0,23,48684,214103,471
-0.25168001106032806,1.1582213522929348,-0.21804936228313668,1,0,49,146896,82499,703
0.2372272192944171,-0.5570643812999969,0.0882001128733676,1,0,68,116002,150038,699
-0.13353773446837663,0.21237528891462365,-0.8770434114570506,2,0,65,102019,212914,702
-0.04979821035076948,-0.3984019317083086,-0.3912264141832844,2,1,53,27982,152822,533
-1.21580853849245,0.4275099686795457,1.0244155447904557,3,0,41,58948,8383,305
-0.6181290620344354,0.3921077227293956,1.1187123347655004,3,0,42,96430,105639,345
-1.4684718539668964,0.023458495192779805,-0.124863220590205,0,0,48,61866,6367,834
0.3355448663251652,0.8718782317480366,0.12603751890774625,0,0,41,53846,184709,346
1.514037966645763,-2.492941954202771,0.10317770089348498,1,1,44,46004,133229,694
-0.8209535402034471,-0.3952013963422875,1.0791021095918176,1,0,68,63943,57898,423
0.7270972219011994,-0.8256671743194471,0.38437279436473715,0,0,37,73542,111079,730
2.2005938392648585,-0.36072115991773707,0.051338499436383675,3,0,33,79622,222874,497
0.36531821954704846,-1.8574848246291025,-0.9463582505614986,2,0,67,20964,153359,373
-0.19582019879462223,0.38622666114133986,-1.221717281998569,2,0,43,65018,246084,309
-0.6094514232439415,0.8654764544236934,0.03638232341864753,0,0,39,135196,167094,801
0.9103850333844797,-1.6090821449245087,0.854639250408639,1,0,45,40529,165318,647
0.6638511108604931,0.3432228944591308,-1.6932608625232288,2,0,46,100755,166588,706
-0.21538797857270608,-0.6768394632961794,0.16725603327995292,3,0,22,47162,51624,627
-0.48722020483059986,1.5207219484000363,1.477066629063748,0,0,43,115654,54232,390
-1.865501217444339,-0.17404380222421545,-0.25434909063735944,2,0,62,100377,44174,699
0.2610166909695291,0.42517817007970143,-1.3397405791605599,0,1,53,31038,246715,688
0.31420127769987277,-0.850153293647775,-0.23818395914969073,1,0,62,32653,194028,534
-0.16815314441080204,0.4087127626438018,-0.45385419721920994,3,0,25,103764,74126,723
0.38637962568279327,0.5132779600820339,1.1794913662225208,0,0,33,128691,119984,501
0.17202746306762498,-1.646766588992415,-0.9484181523821832,2,0,51,31106,152197,365
-0.5426108562946554,1.7096742958346018,0.15902706293958432,2,0,58,138064,123804,709
1.343830229511416,0.7419674630654868,-0.6754971759286394,3,0,35,72076,111036,795
-0.46683161698219483,-1.2911112526251773,0.5471210315808427,0,0,50,46301,152057,550
1.0622014221809073,-1.1514560993611238,0.3884229377048357,1,1,44,16048,169092,408
-0.540313010796652,-1.0067361564005946,-0.15602067172725625,0,0,35,18957,158484,479
0.5547930768071531,-1.1154496582824476,-1.076761502338694,1,0,49,60950,150890,831
0.04960263439222558,-1.1236082200832536,0.6657840539337989,1,1,22,105233,90528,514
-0.4636151195575036,-1.0868877101423733,0.1406468359082463,0,0,40,26854,27036,408
-0.6043069912468676,1.1208573290736688,-0.7096686444384391,0,0,33,63835,129892,650
-2.12030948984286,1.0112110430780266,-0.5358363460609216,0,0,66,111205,115183,800
-0.5582645352488095,-1.458881170697853,-0.7024487362401145,1,0,63,42972,180087,544
1.4684467302882205,-0.9545629691203575,-0.07235211564225719,0,0,20,25094,235353,371
-0.3207192672913271,-0.7923483066265724,1.2313865133618869,3,0,20,18095,11902,306
-0.7211952112725044,-1.1950079435641885,0.49601229462112784,0,1,28,62933,134676,322
0.16531959037754712,1.905964728927351,-0.3341648123348705,2,0,47,112840,208612,480
0.8150641506518633,1.507291586554464,-0.5593340516081075,3,0,32,71642,160708,783
-0.9473887180091893,-0.12140753640370974,-0.9773473049575051,2,0,52,106206,87695,691
-0.815782182105529,1.8631422000717757,-1.135315455736355,2,0,64,132133,124325,819
0.11028383540799577,-0.9978657232623959,-0.06379838756171818,1,0,36,57060,76558,752
0.832341243788345,-1.3685074549713185,1.4366196113613183,1,0,28,76292,136274,506
-1.4540088275683314,0.5535201624160048,-1.0432250847910927,0,0,53,49227,8181,772
-0.45880234882249904,-0.1009661308782504,0.44369603909784094,2,0,67,145312,127121,546
-1.5852938281263298,-1.466689656457923,2.7341966698636413,0,0,60,140860,11292,301
0.9237570059977472,0.18362275678478254,-0.10476668349017532,3,0,30,66229,215420,448
-0.7231938504568834,-1.0435178641225331,1.8284756135919258,1,0,42,92418,37765,318
-0.1770117419320983,-1.1923133839384867,0.5089073917160457,0,0,47,78660,176208,353
-0.16396385168887256,-0.09671694766679671,-0.4739549615114511,2,0,49,139014,179362,843
-1.0367640293083835,-1.0752248492657646,0.23282697656764725,1,0,38,83865,59688,498
0.9467943845442924,-0.04799872157734305,-1.2260303506923558,3,1,40,56388,144135,810
0.9766468328733571,0.7206667394993754,1.6057858175087227,1,0,34,81405,152987,310
0.9669443540664279,1.609371757780704,0.9985123442788918,3,0,36,100706,220650,433
1.59564454861999,1.1885490287843163,1.2441384384717415,3,0,37,143206,223089,377
1.6064059670913045,2.317923463506729,0.7448500397565392,3,0,23,149749,238352,518
1.003252362390549,0.9591425615304604,-1.7140980706107172,3,1,33,23392,147698,598
-0.10033051706426287,0.07348900096678199,1.099545394167226,2,0,49,116702,74164,634
-0.6643068680781599,0.6964179713243676,-0.5683896365525509,3,0,35,72090,6851,754
-0.8890719245717686,1.7554220459137675,-0.27611030367728273,0,0,32,92020,77877,687
-0.10939845194185852,1.7487067800202627,1.7035575657391646,0,1,29,148682,61304,520
-2.5631900158221197,0.12455275698571242,0.17653663349938434,0,0,64,139421,73925,629
1.2088618321551898,-0.539127856184104,0.7783826305303158,3,0,28,46051,22606,410
0.11452167815037761,0.7666325703397551,-0.4208425876131213,0,0,36,54358,153620,639
-1.6632285621454654,-0.12063945166033863,0.16418217699752283,2,0,68,118258,89637,362
-1.2155022857916309,0.3185473490010389,-1.1019750874516243,1,0,67,108375,6338,839
0.40668640163508396,1.3914313355377481,0.42871868786903744,3,0,22,86486,49428,540
-0.1770474697372326,-0.6785980566850163,-1.5874239574521811,1,0,45,70719,74347,823
-0.9691503792539411,-0.13530536272514684,0.8622866191610999,2,1,68,49579,25987,433
0.41791932929199016,0.07703294063453682,-1.1530908016190746,2,0,52,88106,224864,737
0.1981831162842851,0.1381082482232571,0.9108978509704286,2,0,56,99364,231095,304
-1.7046638487329004,1.3482927918042877,-0.39412258467166994,2,0,65,69869,83164,428
0.4430991914179726,-0.12468027616523641,-1.8397213277325186,2,0,48,81817,140144,657
-0.033321855462504275,-0.9013308229232425,0.729455531910604,0,0,49,39072,160258,409
-0.8424323368013761,0.3399480432367907,-1.3631078769339062,2,0,56,77539,184702,728
-0.1949545053845576,-1.7597979027237707,-0.795105225127558,1,1,62,80074,128899,835
-0.5376843185586354,-0.040272097601047024,1.078852314400329,0,0,24,65085,131086,307
-0.2418728905500495,0.019818270571137407,0.2886561954171354,3,0,18,75529,9882,516
-0.5697143308043106,-0.5457189140504375,1.605959390666334,1,0,30,143035,34345,623
-1.035123679934711,1.5937113701139447,-1.4399257865191861,2,0,68,139387,109946,632
0.41879882978725197,0.38954123344153563,-0.6384235698888424,2,0,52,51647,224333,430
-0.1326094080380561,0.812760363197419,1.0603450985798069,2,0,47,117776,16205,649
-0.866477717652,0.8932040804143061,-2.2382251164684916,2,0,64,64888,135122,817
1.2348741137583932,0.019218195194989497,1.0998812830059952,1,0,34,139628,240139,687
-2.892714656483857,0.08715517853916356,0.919041170245302,0,0,63,143383,34450,544
-0.4605892819603196,-2.8189223800659313,-1.1421662039365832,1,1,61,18220,156473,381
0.9362521185603389,0.10586993877611216,0.00030573334459895515,1,0,40,136072,216272,557
0.060309266683736165,-0.06740473295947826,1.2310671288211077,3,0,18,135718,83541,503
1.503830280704487,-0.6229248216280215,0.7893568111107719,3,0,20,95826,47315,675
0.23401577226816722,0.6139305117715024,-1.3609195003012338,3,0,22,73481,28747,786
1.0030551264231686,1.1673011369087325,1.304761106341907,3,0,25,128732,45814,661
1.2904361664466313,0.2917290933141202,-0.987903153309985,1,0,30,31957,201272,767
-0.9155932011700253,-1.381477608446657,-1.2106283513210103,2,0,68,51290,31520,671
-0.2525204112264332,-0.9152170824409448,-0.7663248835256063,3,0,26,23275,8234,461
2.068308150116659,-0.3200242254398521,-0.8845928544991731,3,1,30,89815,237194,817
-0.09585846095982127,-0.14896152259302808,0.5639374888221153,0,0,51,116149,217677,430
-1.1691622682018528,-2.101841420215375,-1.5559019470660698,2,0,65,15737,68680,491
1.238239686146435,0.07059944005739568,-1.3135614282814905,3,0,40,33695,114098,765
-0.9828509327488886,-0.5374326316521015,0.5329159239588341,1,0,59,83343,153129,382
-1.2977880693563393,-0.14082812036999817,-0.45242677306362944,2,0,59,141416,116923,643
-0.3394989190317208,-0.522800858804444,0.24920478447693586,2,0,67,39547,94145,383
-0.9541967911986199,0.0059226697462666286,0.41966853991526176,0,0,62,69714,57142,625
0.5246977127457677,-0.03841337071346945,0.420446884745852,2,0,44,142788,201303,386
1.8081762768031344,0.8048078970309559,1.1542074607573711,3,0,19,113608,196076,529
0.05653769313483295,-0.6518885132231094,-0.9203218598890532,1,0,49,49280,18273,636
-0.17299511346402496,-2.9653075805120928,-0.2847373147981239,1,0,56,23206,30274,834
-0.8311393342495312,0.3052074877361402,-0.8230495367812392,1,0,55,95012,45024,759
-1.6169646524664025,0.34624746054206235,-1.3726727263651306,0,0,69,98858,49972,797
0.14377777055749158,0.448770736560389,-1.0508283193903454,1,1,44,60285,128863,557
-1.2223521433033229,-1.0470900977871171,1.4490612433953958,0,0,63,115737,120198,326
-0.2834409806834153,-1.0552210607751866,-0.2678990595717874,1,0,51,56765,89283,307
-0.6215540296984577,0.9002211766072815,-0.30157566198070573,3,0,32,31778,21624,568
0.5686044144749332,0.20427278341775548,-1.2184308200547378,2,0,51,31218,177512,485
-0.35531627495990636,-0.4416621728154322,-0.20854243812570586,2,0,45,35898,30737,730
-0.4683830866188318,-1.1285665641333673,-0.9193383447898027,1,0,60,29999,52121,539
-0.3166279007686258,-0.03828209282176369,0.058609151909616394,1,0,36,61000,45500,534
1.7859500248317546,-1.0591586709252583,0.3315479522358745,1,0,45,50863,150280,396
0.6115757526683601,-0.3650960931727771,-1.9056949396350238,2,0,50,77199,195324,600
-1.2888629172148136,-0.2612055986471361,-0.9320607912491412,0,0,33,24849,15503,731
1.1330703390695382,0.870533840044945,-0.0017394208780013897,1,0,28,104443,235048,321
-0.7775626675600229,-0.9993151744531746,-0.6350996559445142,1,0,60,92331,192415,635
-0.23996356936013097,0.4722998414601375,1.5441725606701593,0,1,19,111427,61177,300
-0.95381686999081,0.3206592929549076,-0.3433170003607794,0,0,51,90299,203431,550
-0.7514292187837365,1.3435829498269376,-0.6430397978373684,1,0,57,149200,70456,827
-0.5512253723726827,0.37096820628714045,1.5127874283870495,2,0,53,117599,130989,315
1.6340077813363736,-1.5174236694992,0.6253693023139029,3,0,21,25408,136169,404
0.34395076832258376,-0.6322254284820301,-0.542032426694135,1,1,29,45781,58984,446
-1.1442587302048877,-0.4717608026505018,0.5764166626174382,0,0,40,68686,167139,354
-0.791115141503412,-0.7394441613395252,-0.6690767467398079,1,0,57,64176,94885,403
0.557071104493884,-0.34863282187585554,0.08182584293109428,0,0,48,27723,165919,353
-0.21767769862222902,0.7756239260902965,-1.4051673850075028,2,0,68,92827,179903,619
1.6950511552521628,0.7827854907473594,-0.3067884173297486,3,0,25,38653,178910,642
-1.4436536709733536,-1.804341097649063,1.1735387832577882,2,1,64,65006,11355,321
0.11083337583419832,-1.4369094404054064,-0.09104710323250191,2,0,64,81094,129283,652
0.20601823509783956,0.18217176722549172,1.6807185377415719,1,0,32,110120,56978,448
0.23726948602667414,0.472690373797953,-0.9305870395441036,2,0,44,75773,164454,307
-1.3267300181116268,1.5743713748791999,0.35958479340521265,3,1,41,135923,93537,312
-1.8211382335517075,-0.4367089657943879,-0.24213253174455537,2,0,59,118459,23352,799
0.5509913280878823,0.024854959817741534,0.14496133497178132,0,0,38,41977,161907,805
0.7605399569250121,0.25495608067520015,-1.4420619022756285,3,0,38,46799,231958,741
1.7126239396762784,-0.6835707747161959,-0.2854877231938402,2,0,58,53536,239460,407
1.9181324102889494,0.5272599106813679,-0.18681036627936762,3,1,41,124182,200478,801
-0.30000894427680164,-0.002173197350855182,-1.1998373209314104,2,0,66,25966,10176,768
-0.5726281738518139,-0.31807402245824035,-0.17614074534739133,0,0,56,28599,79877,694
0.3857043785470327,-0.5592299827206464,0.2810528715628007,0,0,53,39863,232775,482
0.5263749636471058,-0.9698479973041371,-0.2715181875376611,1,0,69,99124,243865,759
-1.2778611530596171,-0.3985639951764024,0.48314481238002793,0,0,41,145611,28302,640
-1.170042662620023,-0.009630136366897453,-1.1599136448657827,2,0,65,52822,243622,321
0.48573373795617697,-2.102911590258758,-0.47648028065450765,3,0,32,42135,68551,600
0.4555568296629075,0.7643143496348807,1.7062742987548534,0,0,21,84070,98068,363
-0.34802071623067166,-0.4364048580904596,-0.6543919065247952,2,0,54,47518,54191,643
-0.43299923233492726,-1.1157460406494852,-0.2599714161006367,2,0,67,96832,118856,408
-0.1746868338385133,0.9686908764941177,-0.42045345119333,3,0,43,88171,149943,589
0.45115666892603545,-1.1914834028757697,-1.8467902618948269,1,0,61,50090,212862,831
-1.4638314961893246,-2.4091296629231547,-0.39920042928587474,1,1,49,44543,8881,530
-2.485937993583359,0.38740222323202356,0.004763091472686724,0,0,64,145662,73173,564
-1.5227558268167423,2.3571881674670765,-0.17234740733084083,2,0,56,122969,69346,522
0.2366155053103599,-2.4700863971505846,0.3488740791169518,1,0,63,47376,234002,462
-0.8276101327949984,-0.28409961120910354,-2.0001476999740646,2,0,64,61504,108561,703
0.8940829728736449,-2.131140836216532,0.3948647559610017,1,1,43,39395,152473,518
-0.04761899779687201,0.45013806735086653,-1.5118556710583124,2,0,62,64905,183213,812
-2.8214164286797514,-0.38148225878880915,0.4435459250995476,2,0,68,138839,11927,502
0.05469126669707982,-2.389169791882234,-0.39422710435036423,1,0,61,23325,221067,301
0.37039397555271475,2.2964159313276733,1.7719018877077402,3,0,28,142403,65973,437
-0.5113296485811695,-1.8179385757635966,-0.28273818828513764,0,0,66,77721,111017,797
0.8291824559991257,-0.2622464010733563,-1.5361823296089554,2,1,50,22698,219371,788
0.6269712766931395,0.030062155753642128,1.1252736740485096,3,0,39,99341,53106,373
-0.2750432001826116,0.45284399409073256,0.6774200118147408,0,0,40,127376,239348,439
-0.5591023890301924,0.20138720102607233,-0.6654751700555478,3,0,37,72207,18279,629
-1.3482701537698252,-0.8368761093414232,-1.208752077316807,0,0,61,54574,169265,619
1.145233758090391,0.5395562355531108,-2.5925952430202974,2,0,46,64664,196233,762
-0.5637491002288733,-1.652462705922906,-1.6587622248055232,2,0,60,22828,137965,426
0.8676595748769352,-0.6885958519515376,0.22177771777946434,3,1,44,89854,148861,845
-0.4113137381410091,-0.9299823909583457,-0.2822800854043347,0,0,30,16910,63751,348
0.31872929612517625,-2.563466960701085,-0.6583209001593794,2,0,63,17245,120904,521
-0.1991891768770173,-0.22323555925237243,-0.4047320535766765,0,1,46,58118,169901,497
-0.9252640072399632,0.08730812193173146,-0.9132462553989482,0,0,44,67178,99182,596
-1.1341361170736912,0.04293544220216415,-1.1040058519709284,2,0,53,67108,56393,763
-0.9948036820805227,0.47475470448263374,0.40849453865861496,0,0,22,125679,13707,747
-0.5869250360764725,1.7266493852830134,-1.2793634477593945,3,0,39,64280,148286,668
-0.04680428588965643,0.7146920567866988,1.3271547005967639,2,0,50,114074,30361,528
-0.5890517020732405,-1.8224152170546675,-0.23379643803471872,1,0,50,46868,84190,555
1.666991671158827,1.0672382980135726,-0.7942635745944774,1,0,34,92438,242994,800
-0.3110086845373968,-0.6674339113710455,-1.7958300353187318,2,0,48,61613,81925,723
0.8384028691079232,-1.284615982838106,2.099308060798552,1,0,42,132509,180180,445
-1.1918972429561339,-0.480402148183701,2.300704772479399,0,0,56,123193,63729,354
-2.194926387100265,-0.753776809259795,-0.012210739064151571,2,0,69,134119,56607,566
0.06301167020858867,0.3485056906459169,0.4297575771199502,0,0,28,113508,49961,822
-1.176375804543057,-0.5493275711811978,1.5483065171789538,1,0,50,133533,15715,512
-0.41119973748108224,-0.3165443549029494,-1.1263675545555634,1,0,52,38775,196826,571
0.5927109382602469,-0.5297247358475768,-0.6592377153775898,1,1,30,60688,147826,777
1.43050121160148,-0.8386911926559544,-0.7103215151251493,0,0,51,28442,222838,781
-1.0112540913701529,-0.8762844058877951,1.5886859049047555,1,0,65,113605,171842,356
0.052313394851597014,-1.8833524248469133,0.6573071996041042,2,0,60,56293,77847,585
0.1530995109141558,1.954305922344184,-0.9701511790586066,0,0,30,90272,220933,817
0.3769818215143962,-1.4561297593148423,0.47460919227348386,2,0,50,83730,126745,548
0.4331925710010113,-0.9400260845352486,0.5689080079240005,1,0,46,38349,61604,310
0.2928852915796188,0.5535068924335446,-0.17244106459513203,3,0,23,128985,112936,725
-0.7208290420664717,1.506811909339389,0.10094271108236459,3,0,41,123299,67306,477
0.9739192009245999,0.14566616566671048,-0.35778198474457235,3,0,24,79235,208589,574
0.5869447653768343,0.04367933342437036,0.007294441683450729,2,0,53,39332,234846,411
0.26132324769120374,-1.9667169560090914,0.989842340010215,1,0,47,31309,112246,303
0.1936519918530487,-1.0820073950971056,-1.9059212095467342,2,0,52,21265,248448,523
-1.3800730951268156,1.3883537928439131,0.8169406754611619,0,0,42,141017,89843,372
-0.40388800096800975,-0.2422660902213114,1.1419579813306588,0,0,19,58394,12018,451
-0.11560269906813236,-0.07108117851250526,-0.3961848784719628,1,0,53,99090,232427,640
0.6090806631791373,0.5307078984577053,0.15332613251472665,3,1,18,94356,115958,468
-1.3489264178203206,-1.5274016231414904,0.3059649876361834,1,0,57,102242,21963,644
1.6219844238466417,1.1770137095417939,0.8390561392376676,3,0,23,96291,233894,467
-0.9407063592390218,-0.8582446380431419,-0.7089437529776428,2,0,66,138288,191347,604
-0.24651464703358286,-0.9941204491737093,-1.1194986599327144,3,0,29,17786,47646,611
0.12079364964358871,0.34024836422508375,-0.5797389782750771,2,0,43,119654,226095,607
0.28447547996705796,-1.0766661136767233,1.995482909027948,1,0,33,102592,50834,615
-0.4350040424422707,0.5906417989481783,-0.7372293287301805,0,0,58,48124,81298,777
-0.6327533605094019,0.4414577197441597,-0.5050493416296546,2,0,67,120544,121464,545
-0.9851076818880026,-0.3461465053776094,0.7370684593284231,0,0,38,43833,125132,422
1.2848992874308645,0.5406682818910534,-0.8289100683192395,0,0,42,45940,202690,847
-0.11508456238760542,-1.6427873510841866,1.0473578758265891,0,0,32,39955,70218,415
1.1381219545304164,1.208264186672108,0.8306107907942102,2,0,52,149880,229808,306
-2.0327177144093485,1.097084657624234,0.3893640778484425,2,0,48,142292,88273,322
0.2485200742148839,0.9392542861039476,0.49869038220029105,3,1,35,129982,152450,536
-1.971448547411452,-0.19933394677583283,2.4313698133174033,0,0,64,149759,48946,371
-1.0426976611900254,-0.9291868685579312,0.646587345088731,0,0,50,73777,79832,300
0.5160196593799488,-0.4266950523990151,-0.6791726559821379,3,0,23,103714,156877,813
1.2368586666529193,1.7975826061666256,0.5569311503433678,3,0,27,122476,157841,521
-0.3837294583633165,-0.0978925307806129,-1.957335713138369,2,0,65,38001,162851,441
-0.0914646033349635,-0.21745738972615414,0.40642815726974424,2,0,51,100988,160532,317
-0.4959423759495706,-1.9506952057268232,-1.3528563077042832,2,0,66,22945,77979,718
0.18227534033562462,0.22425084050109986,0.96883827124382,0,0,39,84633,208943,641
0.7380093546903308,-0.29874278195799275,-0.3078474678192906,2,1,44,25353,123257,614
-2.2489691455755185,1.2241495898591546,-0.03752451220890968,2,0,67,111131,78868,439
-1.166089506664012,-0.5772603828548021,-1.1877003426293973,2,0,69,73463,22659,658
-0.7539880688775243,0.16332307842945643,-0.3245378088721417,3,1,25,97860,22654,527
-1.129883267757186,0.7054737529906929,-0.2125022406066588,2,0,60,78223,71852,595
0.0547143480851302,0.48611005112769506,-0.18163388838830535,3,0,22,115182,99494,665
-0.01910821816486873,-1.35687793813105,-0.3927449925066425,1,0,57,35089,177748,382
1.0162044890734945,-0.3177622235336544,-1.1596974861333667,3,0,33,70913,223723,720
-1.0991849569259724,0.9604607241264569,0.9287026576674706,3,0,37,137198,60008,499
-1.479980127229067,-0.18878582104045008,0.9601246855729837,2,0,44,96622,64131,358
-1.2164676840529782,0.7937518919323533,0.3132537768951118,2,0,55,101513,68084,482
-0.2784175228377094,1.5285810011805836,1.3711158087365438,0,1,25,116421,98402,528
-0.9605572726175844,-0.7786972742148097,-1.399890439874694,0,0,54,16709,141917,630
-0.15324590185589765,-0.9832611644881746,-0.11203418323951372,1,0,62,51285,111521,614
-0.7295859951245408,-0.45183069650730706,-1.9698420412603217,2,0,65,22114,55869,448
